word,hashtag,count
skill issue,cosplay,3
skill issue,gaming,12
skill issue,coser,3
skill issue,gamer,5
skill issue,skillissue,24
skill issue,darksouls,3
skill issue,souls,3
skill issue,eldenring,10
skill issue,animation,6
skill issue,meme,8
skill issue,crush,3
skill issue,her,3
skill issue,relatable,8
skill issue,trending,6
skill issue,pov,3
skill issue,comedy,3
skill issue,funny,3
skill issue,hobie,3
skill issue,hobiebrown,3
skill issue,hobiebrownedit,3
skill issue,hobiebrown138,3
skill issue,atsv,3
skill issue,atsvedit,3
skill issue,spiderman,3
skill issue,spidermanacrossthespiderverse,3
skill issue,spidermanedit,3
skill issue,notmyproblem,3
skill issue,milesmorales,3
skill issue,vsp,3
skill issue,blowthisup,3
skill issue,eldenringhype,4
skill issue,eldenringgameplay,4
skill issue,eldenringdlc,3
skill issue,eldenringboss,3
skill issue,malenia,3
skill issue,cupheadgame,3
skill issue,contra,3
skill issue,ghostrunner,3
skill issue,ps5games,3
skill issue,nesgames,3
skill issue,ps4games,3
skill issue,soulsgames,3
skill issue,xboxgames,3
skill issue,wahhmbulance,3
skill issue,thatscrazy,3
skill issue,voiceactor,3
skill issue,insane,3
skill issue,audio,3
skill issue,2danimation,3
skill issue,driving,3
skill issue,car,3
skill issue,skate,3
skill issue,minecraft,2
skill issue,bozo,2
skill issue,badatthegameü§£ü§£ü§£,2
skill issue,suckstosuck,2
skill issue,memes,3
skill issue,real,3
skill issue,sparkingzero,2
skill issue,dragonball,2
skill issue,nuke,2
skill issue,warthunder,3
skill issue,tank,2
skill issue,miss,2
skill issue,ricochet,2
skill issue,guitarist,2
skill issue,guitarloop,2
skill issue,guitartok,2
skill issue,producertok,2
skill issue,musicproducer,2
skill issue,trap,2
skill issue,hyperpop,2
skill issue,fallguys,3
skill issue,natwestwhatyouwaitingfor,2
skill issue,touhou,2
skill issue,touhouproject,2
skill issue,touhoumemes,2
skill issue,gamingontiktok,3
skill issue,videogames,2
skill issue,murder,2
skill issue,relateable,2
skill issue,residentevil4remake,1
skill issue,residentevil4,1
skill issue,skillissueü§ì,1
skill issue,capcut,1
skill issue,shorts,1
skill issue,eldenringispeak,1
skill issue,eldenringgame,1
skill issue,fromsoftware,1
skill issue,cruicibleknight,1
skill issue,lightning,1
skill issue,zyxcba,1
skill issue,overwatch,1
skill issue,overwatch2,1
skill issue,ow2,1
skill issue,dva,1
skill issue,edit,2
skill issue,memezee,1
skill issue,kanyewest,1
skill issue,rock,1
skill issue,warthunderaviation,1
skill issue,warthundervideo,1
skill issue,gaijinmoment,1
skill issue,warthundermeme,1
skill issue,warthundermemes,1
skill issue,warthunderseax,1
skill issue,warthundertiktok,1
skill issue,evade2.0,1
skill issue,dandysworld,1
skill issue,dandyworld,1
skill issue,veedandysworld,1
skill issue,dandysworldmeme,1
skill issue,dandysworldanimation,1
skill issue,shellydandysworld,1
skill issue,hoyoverse,1
skill issue,hsr,1
skill issue,honkaistarrail,1
skill issue,genshinimpact,1
skill issue,pourtoi,1
skill issue,—Ä–µ–∫,1
skill issue,üíÄ,1
skill issue,fy,1
skill issue,xyzbca,1
skill issue,dynamike,1
skill issue,dynastymike,1
skill issue,dynajump,1
skill issue,brawlstars,1
skill issue,ashbaby,1
skill issue,showdown,1
skill issue,soloshowdown,1
baby gronk,babygronk,47
baby gronk,livvydunne,9
baby gronk,babygronkrizzeduplivvydunne,10
baby gronk,lsugymnastics,3
baby gronk,livvy,4
baby gronk,babygronkgoated,8
baby gronk,rizzedup,5
baby gronk,henrydetolla,8
baby gronk,h00pify,8
baby gronk,detolla,8
baby gronk,finallyhumbled,3
baby gronk,7on7,4
baby gronk,youthfootball,3
baby gronk,citycelebs,3
baby gronk,football,17
baby gronk,hellstarfootball,3
baby gronk,chipahoy,3
baby gronk,justinjefferson,3
baby gronk,aurarating,3
baby gronk,strictlybball,3
baby gronk,brainrot,9
baby gronk,rizz,7
baby gronk,pdub,4
baby gronk,training,3
baby gronk,workout,3
baby gronk,baseball,3
baby gronk,father,3
baby gronk,son,3
baby gronk,family,3
baby gronk,fun,3
baby gronk,bigjustice,6
baby gronk,boom,3
baby gronk,love,3
baby gronk,kindness,3
baby gronk,trending,4
baby gronk,sugarcrash,3
baby gronk,texasfootball,6
baby gronk,videography,5
baby gronk,footballtiktok,8
baby gronk,overated,5
baby gronk,gronk,4
baby gronk,robgronkowski,2
baby gronk,ceaseanddesist,2
baby gronk,fame,2
baby gronk,,2
baby gronk,parsonslocks,2
baby gronk,goofynfl,2
baby gronk,skibidi,2
baby gronk,ohio,2
baby gronk,sports,2
baby gronk,dripking,1
baby gronk,babygronkwho?,1
baby gronk,millionaire,1
baby gronk,nil,1
baby gronk,collegefootball,1
baby gronk,nfl,1
baby gronk,nationalfootballleague,1
baby gronk,rizzking,1
baby gronk,chipsahoy@_babygronk_,1
baby gronk,maddoxbatson,1
baby gronk,harperzilmer,3
baby gronk,marcushighschool,1
baby gronk,harper,1
baby gronk,xyzabc,1
baby gronk,mataneven,1
baby gronk,podcast,1
baby gronk,youtub,1
baby gronk,security,1
baby gronk,photography,1
looksmaxxing,looksmaxing,10
looksmaxxing,looksmax#selfimprovement#glowup#advice,3
looksmaxxing,glowup,13
looksmaxxing,looksmax,22
looksmaxxing,transformation,3
looksmaxxing,syrianpsycho,3
looksmaxxing,trending,3
looksmaxxing,looksmaxx,3
looksmaxxing,glowingup,3
looksmaxxing,glowuptips,5
looksmaxxing,hotgirlanthropology,3
looksmaxxing,looks,4
looksmaxxing,real,2
looksmaxxing,fraud,2
looksmaxxing,handsome,2
looksmaxxing,ethentrip,2
looksmaxxing,fashion,2
looksmaxxing,supermodel,2
looksmaxxing,mogger,2
looksmaxxing,jordanbarrett#pslgod,2
looksmaxxing,,2
looksmaxxing,lookmaxing,4
looksmaxxing,selfimprovement,4
looksmaxxing,modeling,2
looksmaxxing,mog,4
looksmaxxing,mogged,2
looksmaxxing,pourtoi,2
looksmaxxing,gym,2
looksmaxxing,chicolachowski,2
looksmaxxing,jordanbarret,2
looksmaxxing,fitnesslife,2
looksmaxxing,creatorsearchinsights,4
looksmaxxing,lookmaxxing,2
mogging,tiktokslang,3
mogging,mog,17
mogging,mogged,20
mogging,chronicallyonline,3
mogging,interstella#interstellarbeng,3
mogging,gigachad,3
mogging,jordanbarrett,6
mogging,fransiscolachowski,3
mogging,seanopry,3
mogging,mogging,11
mogging,looksmax,4
mogging,looksmaxing,6
mogging,siblings,3
mogging,sisters,3
mogging,funny,3
mogging,mewing,8
mogging,lordoftherings,3
mogging,theoden,3
mogging,meme,3
mogging,chad,3
mogging,greenscreen,2
mogging,lookmaxxing,2
mogging,wedding,2
mogging,weddingtiktok,2
mogging,opry,2
mogging,mogger,7
mogging,chicolachowski,2
mogging,franciscolachowski,5
mogging,slideshow,2
mogging,relatable,2
mogging,fyyyyyyyyyyppppppp,2
mogging,cristianoronaldo,2
mogging,ronaldo,2
mogging,football,2
mogging,aftereffects,2
mogging,lookmaxing,2
mogging,pakisatanikid,2
mogging,averagepakisatani,2
mogging,üíÄüíÄüíÄ,2
mogging,desipapi,2
mogging,fy,3
mogging,fyy,2
mogging,jeremy,2
mogging,fragrance,2
mogging,jeremyfragrance,2
mogging,perfume,2
mogging,edit,2
mogging,goat,2
mogging,w,2
mogging,shado,2
mogging,shadoeditz,2
mogging,xy,2
mogging,xyzbca,2
mogging,kshami#mogged#model#syrianpsycho//my,2
mogging,mogged4k,1
mogging,moggedthem,1
mogging,ninadobrev,1
mogging,elenagilbert,1
mogging,tvd,1
mogging,thevampirediaries,1
mogging,ugly,1
mogging,chico,1
mogging,franciscolachowskiedit,1
mogging,yochico,1
mogging,lachowski,1
mogging,goatüêê,1
mogging,mew,2
mogging,jesusisking,1
mogging,gym,1
mogging,shredded,1
mogging,jordanbarrettedit,1
mogging,jordanbarrettüî•,1
mogging,jordanbarrettmogs,1
mogging,pslgod,1
mogging,jordanbarrettheadshake,1
mogging,mogs,1
mogging,headshake,1
mogging,darktriad,1
mogging,malemodel,1
mogging,highschool,1
mogging,model,1
mogging,spongebob,1
mogging,handsomesquidward,1
mogging,squidward,1
mogging,lookxmaxxing,1
mogging,mewingtransformation,1
mogging,toonmog,1
mogging,eyes,1
mogging,jawline,1
mogging,capcut,1
mogging,trendingsong,1
mogging,art,1
mogging,artbybamuel,1
mogging,avatar,1
mogging,looksmaxx,1
mogging,aang,1
nonchalant dreadhead,nonchalant,36
nonchalant dreadhead,dreadhead,41
nonchalant dreadhead,dreads,29
nonchalant dreadhead,dread,6
nonchalant dreadhead,nonchalantdreadhead,31
nonchalant dreadhead,calmluhfit,6
nonchalant dreadhead,swag,6
nonchalant dreadhead,fitcheck,6
nonchalant dreadhead,fashion,6
nonchalant dreadhead,fashiontiktok,6
nonchalant dreadhead,outfit,6
nonchalant dreadhead,outfitideas,6
nonchalant dreadhead,aura,6
nonchalant dreadhead,kmd,6
nonchalant dreadhead,lightskins,6
nonchalant dreadhead,cars,6
nonchalant dreadhead,blacktiktok,6
nonchalant dreadhead,korn,5
nonchalant dreadhead,jonathandavis,5
nonchalant dreadhead,brianheadwelch,5
nonchalant dreadhead,munkykorn,5
nonchalant dreadhead,wolf,4
nonchalant dreadhead,dreadslocks,4
nonchalant dreadhead,lonewolf,4
nonchalant dreadhead,sigma,4
nonchalant dreadhead,aelfriceden,4
nonchalant dreadhead,dreadheads,11
nonchalant dreadhead,gacha,6
nonchalant dreadhead,brainrot,5
nonchalant dreadhead,ika2mm,5
nonchalant dreadhead,roblox,5
nonchalant dreadhead,freeform,4
nonchalant dreadhead,1,4
nonchalant dreadhead,tyjolion,3
nonchalant dreadhead,anime,4
nonchalant dreadhead,weeb,3
nonchalant dreadhead,ayanokoji,3
nonchalant dreadhead,cote,3
nonchalant dreadhead,retwist,3
nonchalant dreadhead,trending,2
nonchalant dreadhead,naturalhair,1
nonchalant dreadhead,curlyhair,1
nonchalant dreadhead,fingercoils,1
nonchalant dreadhead,menshair,1
nonchalant dreadhead,locs,1
nonchalant dreadhead,houstonhairstylist,1
nonchalant dreadhead,star,1
nonchalant dreadhead,japan,1
nonchalant dreadhead,hxh,1
nonchalant dreadhead,hunterxhunter,1
nonchalant dreadhead,episode,2
nonchalant dreadhead,noncholantdreadhead,1
nonchalant dreadhead,episodecommunity,1
nonchalant dreadhead,joke,1
nonchalant dreadhead,silly,1
nonchalant dreadhead,fy,1
nonchalant dreadhead,relatable,1
nonchalant dreadhead,hot,2
nonchalant dreadhead,attractive,2
nonchalant dreadhead,man,2
nonchalant dreadhead,men,2
nonchalant dreadhead,blackhead,2
nonchalant dreadhead,him,2
nonchalant dreadhead,fyfy,2
nonchalant dreadhead,fyf,2
nonchalant dreadhead,fyfyfyfy,2
nonchalant dreadhead,dreadhead#nonchalant,3
nonchalant dreadhead,wasian,2
nonchalant dreadhead,cringe,2
nonchalant dreadhead,socialmediacreator,2
nonchalant dreadhead,lifestyleinfluencer,2
nonchalant dreadhead,creatorsoftiktok,2
nonchalant dreadhead,blackcreators,2
nonchalant dreadhead,jidion,1
nonchalant dreadhead,kingkenny,1
nonchalant dreadhead,betasquad,1
nonchalant dreadhead,amp,1
nonchalant dreadhead,edit,1
nonchalant dreadhead,alexeditscc,1
nonchalant dreadhead,shakeyodreads#bedazzled,1
nonchalant dreadhead,gachalife,1
npc behavior,npc,29
npc behavior,rellchosen,3
npc behavior,simulation,3
npc behavior,deepthoughts,3
npc behavior,xyzbca,6
npc behavior,pinkydoll,6
npc behavior,ptp,3
npc behavior,pourtoipage,3
npc behavior,queennpc,3
npc behavior,fashionnova,3
npc behavior,course,3
npc behavior,lesson,3
npc behavior,howto,3
npc behavior,motivation,3
npc behavior,top10,3
npc behavior,behaviour,3
npc behavior,tiktoklive,5
npc behavior,trending,6
npc behavior,dominos,3
npc behavior,crazy,3
npc behavior,bikini,3
npc behavior,streetwalker,3
npc behavior,forthestreets,3
npc behavior,zombies,3
npc behavior,california,3
npc behavior,connermather,3
npc behavior,lean,3
npc behavior,w,6
npc behavior,yeat,3
npc behavior,nelk,3
npc behavior,edmondx,3
npc behavior,mrbeast,3
npc behavior,unioncollege,2
npc behavior,dragonball,2
npc behavior,dragonballz,2
npc behavior,dragonballsuper,2
npc behavior,goku,2
npc behavior,songoku,2
npc behavior,toxicdragonballfans,2
npc behavior,db,2
npc behavior,dbz,2
npc behavior,dbsuper,2
npc behavior,dbs,2
npc behavior,dragonballtok,2
npc behavior,npcbehavior,2
npc behavior,itstherealjade,2
npc behavior,npclivestream,4
npc behavior,screammovie,2
npc behavior,ohio,2
npc behavior,oeufbroz,2
npc behavior,baddieseast,2
npc behavior,zeus,2
npc behavior,blowthisup,3
npc behavior,baddieseastreunion,2
npc behavior,baddiesauditions,2
npc behavior,marvel,2
npc behavior,superheros,2
npc behavior,dccomics,2
npc behavior,hulk,2
npc behavior,spiderman,2
npc behavior,comedy,2
npc behavior,drdoom,2
npc behavior,npcreations,3
npc behavior,pinkdoll,2
npc behavior,livestreamtrend,2
npc behavior,coldplay,1
npc behavior,marchingband,1
npc behavior,winterguard,1
npc behavior,colorguard,1
npc behavior,band,1
npc behavior,gaming,1
npc behavior,tiktokgaming,1
npc behavior,duelcorpgame,1
npc behavior,gamer,1
npc behavior,pixelart,1
npc behavior,retrogaming,1
npc behavior,duelcorp,2
npc behavior,anime,1
npc behavior,funnyvideos,1
npc behavior,robot,1
npc behavior,funny,1
npc behavior,comedyvideo,1
npc behavior,skit,1
npc behavior,hilariousvideos,1
npc behavior,npcgirl,1
npc behavior,omg,1
npc behavior,relationshipgoals,1
npc behavior,boyfriend,1
npc behavior,girlfriend,1
npc behavior,datenight,1
npc behavior,laugh,1
npc behavior,laughter,1
npc behavior,humor,1
npc behavior,üòÇüòÇ,1
npc behavior,blackgirltiktok,1
npc behavior,blacktiktok,1
npc behavior,shaderoom,1
npc behavior,blacktiktokcommunity,1
npc behavior,jokes,1
npc behavior,lxrnell,1
npc behavior,fax,1
npc behavior,uk,1
npc behavior,ily,1
rizzler,song,3
rizzler,dance,11
rizzler,fun,3
rizzler,family,3
rizzler,bigjustice,15
rizzler,rizz,11
rizzler,boom,14
rizzler,newyork,3
rizzler,fallontonight,3
rizzler,tonightshow,3
rizzler,therizzler,21
rizzler,costcoguys,16
rizzler,jimmyfallon,14
rizzler,rizzler,44
rizzler,ranking,3
rizzler,xyzbca,7
rizzler,trending,5
rizzler,tiktok,3
rizzler,edit,7
rizzler,rizzlerdance,5
rizzler,youknowmeastherizzler,3
rizzler,meme,5
rizzler,funny,3
rizzler,drawing,3
rizzler,joker,8
rizzler,inspirational,3
rizzler,art,3
rizzler,16kids,3
rizzler,castlehouse,3
rizzler,notenoughnelsons,3
rizzler,nenfam,3
rizzler,besties,3
rizzler,bigfamily,3
rizzler,rizzface,3
rizzler,dancer,3
rizzler,dancechallenge,3
rizzler,trend,6
rizzler,school,3
rizzler,schoollife,3
rizzler,english,3
rizzler,class,3
rizzler,bringtheboom,3
rizzler,bigaj,5
rizzler,ajandbigjustice,3
rizzler,webringtheboom,3
rizzler,mrstealyogirl,3
rizzler,rizzgod,3
rizzler,reality,3
rizzler,bestie,3
rizzler,fazerug,2
rizzler,allgrownuppodcast,2
rizzler,fazeclan,2
rizzler,snl,2
rizzler,saturdaynightlive,2
rizzler,pissed,2
rizzler,wow,2
rizzler,tv,2
rizzler,moment,2
rizzler,overit,2
rizzler,bigajandbigjustice,2
rizzler,costco,2
rizzler,halloween,2
rizzler,candy,2
rizzler,annoying,2
rizzler,aew,2
rizzler,4you,2
rizzler,4upage„Ç∑,2
rizzler,latenight,2
rizzler,makemefamous,2
rizzler,transitionedit,2
rizzler,celebrities,2
rizzler,basketballtiktok,2
rizzler,therizzlerknicks,2
rizzler,jellyhouse,2
rizzler,aura,2
rizzler,nostalgia,2
rizzler,core,2
rizzler,popeyes,2
rizzler,talkshow,2
rizzler,rizzlersong,2
sussy baka,weekendfun,3
sussy baka,sussybaka,28
sussy baka,japan,3
sussy baka,japanese,3
sussy baka,japaneseboy,3
sussy baka,Êó•Êú¨,3
sussy baka,anime,6
sussy baka,kraccbacc,3
sussy baka,meme,5
sussy baka,memes,3
sussy baka,funnymemes,3
sussy baka,goofyahh,3
sussy baka,fy,3
sussy baka,breakingbad,3
sussy baka,breakingbadedit,3
sussy baka,breakingbadmemes,3
sussy baka,hankschrader,3
sussy baka,funny,8
sussy baka,funnyvideos,3
sussy baka,skibidy,3
sussy baka,toilet,3
sussy baka,ohio,3
sussy baka,rizzlord,3
sussy baka,sus,12
sussy baka,candycrushallstars,3
sussy baka,cat,6
sussy baka,comedy,3
sussy baka,cringg,3
sussy baka,furry,3
sussy baka,amongus,5
sussy baka,thatclosemessenger,3
sussy baka,theboys,3
sussy baka,daboiz,3
sussy baka,guyssleepover,3
sussy baka,guys,3
sussy baka,whatwouldpoptartsdo,3
sussy baka,darhmann,3
sussy baka,sussy,3
sussy baka,baka,8
sussy baka,booka,3
sussy baka,summer,3
sussy baka,mozzarella,3
sussy baka,onichan,3
sussy baka,akeamfrancis,10
sussy baka,lathonmb,3
sussy baka,melathon,3
sussy baka,sayyouaremybaka,3
sussy baka,emojichallenge,3
sussy baka,kirby,2
sussy baka,he4tai,2
sussy baka,prankgonewrong,2
sussy baka,prankfails,2
sussy baka,coles,2
sussy baka,diningout,2
sussy baka,dogtok,2
sussy baka,dogsoftiktok,2
sussy baka,doggo,2
sussy baka,dog,2
sussy baka,cutedog,2
sussy baka,doglovers,2
sussy baka,shibatok,2
sussy baka,shibainu,2
sussy baka,shibe,2
sussy baka,shibenation,2
sussy baka,shibalove,2
sussy baka,shibes,2
sussy baka,shiba,2
sussy baka,shibarmy,2
sussy baka,shibamania,2
sussy baka,shibaholics,2
sussy baka,sealwinnie,2
sussy baka,doghumor,2
sussy baka,erenjaeger,2
sussy baka,aot,2
sussy baka,bakakaüìÆüìÆüìÆüìÆüìÆüìÆüìÆüìÆüìÆüìÆüìÆüìÆüìÆüìÆ,2
sussy baka,blowup,2
sussy baka,asmr,2
sussy baka,amogus,2
sussy baka,imposter,2
sussy baka,german,2
sussy baka,deutsch,2
sussy baka,deku,2
sussy baka,fortnite,2
sussy baka,chunli,2
sussy baka,gamergirl,2
sussy baka,horndog,2
sussy baka,uwu,2
sussy baka,laugh,2
sussy baka,opinion,2
alpha,alpha,38
alpha,cringe,3
alpha,ick,3
alpha,pov,3
alpha,pickme,3
alpha,alphaphialpha,8
alpha,explore,3
alpha,trending,3
alpha,stroll,4
alpha,greek,3
alpha,explorepage,3
alpha,tiktok,5
alpha,wpe,4
alpha,challenge,3
alpha,alphaspack,3
alpha,wolfpackelite,6
alpha,denmother,3
alpha,beta,6
alpha,delta,5
alpha,werewolves,4
alpha,weownthenight,4
alpha,charliekirk,3
alpha,sigma,9
alpha,goodboy,3
alpha,dom,3
alpha,couplestiktok,2
alpha,gym,4
alpha,gymtok,2
alpha,alphamale,8
alpha,packleader,2
alpha,alphawolf,8
alpha,funny,2
alpha,joke,2
alpha,funnymemes,2
alpha,gymgirl,2
alpha,fitness,2
alpha,fitnessmotivation,2
alpha,fitnesstips,2
alpha,musclemommy,2
alpha,musclemodel,2
alpha,1906,4
alpha,greektiktok,4
alpha,lanecollege,2
alpha,greeklife,2
alpha,alphaland,2
alpha,follow,2
alpha,southernuniversity,2
alpha,wolfgirl,2
alpha,—Ç—é–Ω–∏–Ω–≥#140—Å–º3#–ø—Ä—è–º–æ—Ç–æ–∫,2
alpha,capcutvelocityüåπ‚ù§Ô∏è,2
alpha,alphainsideme,2
alpha,wolf,3
alpha,valueyourself,2
alpha,zenithawaken,2
alpha,rawr,2
alpha,foru,2
alpha,couples,2
alpha,couplegoals,2
alpha,newchallenge,2
alpha,lion,2
alpha,soulmate,2
alpha,newtrend,2
alpha,relate,2
alpha,tagbae,2
alpha,girlfriend,2
alpha,skits,2
alpha,prank,2
alpha,beast,2
alpha,omegaverse,2
alpha,chappellroan,2
alpha,hottogo,2
alpha,—Ç–≤–æ—ë–ª–µ—Ç–æ—Ç–≤–æ—ë–≤—Ä–µ–º—è,2
alpha,–∞–ª—å—Ñ–∞110,2
alpha,–∞–ª—å—Ñ–∞–≤–æ–¥,2
alpha,–º–æ–ø–µ–¥,2
alpha,–º–æ—Ç–æ—Ü–∏–∫–ª—ã,2
alpha,–º–æ—Ç–∏–∫üèçÔ∏è,2
alpha,fyr,2
alpha,no,2
alpha,on,2
alpha,cringemonster,1
alpha,myfamily,1
alpha,wolfpackfamily,1
alpha,guests,1
alpha,illbequietnow,1
alpha,communicationskills,1
alpha,pack.,1
alpha,stealth,1
alpha,teaching,1
alpha,hideandseek,1
alpha,wolfpack,3
alpha,babyhusky,1
alpha,–∞–ª—å—Ñ–∞,1
alpha,aboo,1
alpha,alphaqz,1
alpha,royal117sqd,1
alpha,tomoe_squad,1
alpha,tsukai,1
alpha,kagenojitsuryokushaninaritakute,1
alpha,theeminenceinshadow,1
alpha,anime,1
alpha,animeedit,1
alpha,greenscreenvideo,1
alpha,diesfromcringeüíÄüíÄ,1
alpha,noonecares,1
alpha,xyzbca,2
alpha,weird,1
alpha,whyjustwhy,1
alpha,king,1
alpha,familyfunday,1
alpha,denmothers,1
alpha,icecold,1
alpha,msalphas,1
alpha,stop,1
alpha,alpha.,1
alpha,wolfpride,1
alpha,mypack,1
alpha,truealpha,1
alpha,txstalphas,1
alpha,txst,1
alpha,alphas,1
alpha,imthealphaimtheleader,1
alpha,imthealphachallenge,1
alpha,imthealpha,1
alpha,furry,2
alpha,furryfandom,1
alpha,fursuit,2
alpha,fursuiter,1
alpha,fursuitmaker,1
alpha,fursuitmakers,1
alpha,furrycommunity,1
alpha,furrycontent,1
alpha,furrycontentcreator,1
alpha,fursuitersoftiktok,1
alpha,fursuiting,1
alpha,furrytiktok,1
alpha,furrys,1
alpha,furryfandom2023,1
alpha,furryfandom4life,1
alpha,manokit,1
alpha,manokitfullsuit,1
alpha,fullfursuit,1
alpha,fullfursuiter,1
alpha,partialfursuit,1
alpha,partialfursuiter,1
alpha,catfursuit,1
alpha,catfursuiters,1
alpha,catfursuiter,1
alpha,fursona,1
alpha,fursonas,1
alpha,accidentalsurrogateforalpha,1
alpha,full,1
alpha,fullep,1
alpha,store,1
alpha,parts,1
alpha,fullepisode,1
alpha,fullepisodes,1
alpha,short,1
alpha,shortfilm,1
alpha,shortmovie,1
alpha,shortdrama,1
alpha,shorttv,1
alpha,movie,1
alpha,movieclips,1
alpha,drama,1
alpha,dramatiktok,1
alpha,dramakorea,1
alpha,dramabox,1
alpha,reelshort,1
alpha,reelshortapp,1
alpha,reelshortvideo,1
alpha,kalostv,1
alpha,d9,1
alpha,1of1,1
alpha,aœÜa,1
aura,toji,3
aura,anime,3
aura,edit,18
aura,jjk,3
aura,mangaedit,3
aura,aura,40
aura,auramoments,6
aura,live,3
aura,couplegoals,3
aura,actsofkindness,3
aura,emotionalintelligence,3
aura,kimberlyloaiza,3
aura,respect,8
aura,couple,6
aura,kiss,3
aura,cute,3
aura,boyfriend,3
aura,girlfriend,3
aura,beyonce,3
aura,paparazzi,3
aura,parati,5
aura,mbappe,3
aura,worldcup,3
aura,france,3
aura,goat,3
aura,trending,5
aura,trollface,3
aura,troll,3
aura,school,3
aura,jesus,3
aura,jesuschrist,3
aura,god,3
aura,bible,3
aura,verses,3
aura,jesusisking,3
aura,jesusedit,5
aura,christian,3
aura,xyzbca,5
aura,real,3
aura,movie,5
aura,fy,5
aura,messi,2
aura,leomessi,2
aura,mim,2
aura,twiiter,2
aura,outerbanksedit,2
aura,xyzabc,2
aura,amicooked,2
aura,sophierain,2
aura,lacey,2
aura,streamer,2
aura,youtube,2
aura,clips,2
aura,princessdiana,2
aura,trump2024,2
aura,aurangabad,2
aura,parachute,2
aura,military,2
aura,ogryzek,2
aura,newsong,2
aura,phonk,2
aura,imluvmusic,2
aura,auraedit,2
aura,jesusking,2
aura,defineaura,2
aura,cristiano,2
aura,ronaldo,2
aura,soccer,2
aura,newtrend,2
aura,nfl,2
aura,calvinjohnson,2
aura,lions,2
edging,edging,20
edging,askasexologist,3
edging,tips,3
edging,howto,3
edging,educational,3
edging,bigsisteradvice,5
edging,fy#colorcustomizer,3
edging,funny,6
edging,edgingtok,5
edging,edgingtiktok,3
edging,edginginclass,3
edging,real,3
edging,relatable,3
edging,notajoke,3
edging,joke,3
edging,funnymoments,3
edging,wtfmoments,3
edging,wtf,3
edging,funnytiktok,3
edging,gymtok,3
edging,zyxcba,3
edging,physique,3
edging,progress,3
edging,drtara,3
edging,menshealth,11
edging,comedy,3
edging,relationshipgoals,7
edging,dating,3
edging,growthmindset,4
edging,confidenceiskey,4
edging,harnessyourpower,4
edging,takecareofyourself,4
edging,adviceformen,4
edging,relationshipadvice,4
edging,relationshipadviceformen,4
edging,datinglife,8
edging,datingtipsformen,4
edging,loveadvice,4
edging,menshealthtips,4
edging,quinutk,2
edging,storytime,2
edging,fy,2
edging,fpy„Ç∑,2
edging,shows,2
edging,loveyou,2
edging,relationship,4
edging,datingcoach,2
edging,lovestory,4
edging,love,2
edging,mew,2
edging,looksmaxing,2
edging,naturaljackson,2
edging,holisticwellness,2
edging,naturalgrowth,2
edging,healthiswealth,2
edging,masculineenergy,2
edging,jynxzi,2
edging,jynxziclips,2
edging,jynxzurage,2
edging,jynxzifunnymoments,2
edging,jynxzijohnson,2
edging,capcut,2
edging,meme,2
edging,core,2
edging,gyatt,2
edging,society,2
edging,bruh,2
edging,soap,2
edging,edge,4
edging,asianinasuit,2
edging,bigsistips,2
edging,edgetok,2
edging,asmr#anticipatoryasmr#edging#tingles,2
fanum tax,kaicenat,37
fanum tax,johncena,5
fanum tax,famum,3
fanum tax,fanumtax,24
fanum tax,fanum,38
fanum tax,amp,17
fanum tax,funnytiktok,3
fanum tax,funny,3
fanum tax,9to5,3
fanum tax,jo,3
fanum tax,is,3
fanum tax,scared,3
fanum tax,of,3
fanum tax,taxes,3
fanum tax,barricade,3
fanum tax,funnymoment,3
fanum tax,kevinhart,3
fanum tax,tax,3
fanum tax,lilrt,3
fanum tax,kaicenatclips,9
fanum tax,elfanum,3
fanum tax,fanumamp,3
fanum tax,duke,6
fanum tax,dukedennis,6
fanum tax,dukedennisrizz,3
fanum tax,kai,5
fanum tax,rizz,3
fanum tax,imdavisssyt,4
fanum tax,namcy,3
fanum tax,bigmac,2
fanum tax,1,4
fanum tax,agent00,3
fanum tax,fanumtv,4
fanum tax,twitch,7
fanum tax,capcut,2
fanum tax,ishowspeed,2
fanum tax,ishowspeedclipz,3
fanum tax,vira≈Ç,2
fanum tax,funnyvideo,2
fanum tax,blowthisup,2
fanum tax,loganpaul,2
fanum tax,mrbeast,2
fanum tax,fanumclips,4
fanum tax,ishowspeedclips,1
fanum tax,halloweenlook,1
fanum tax,trending,1
fanum tax,foodtax,1
fanum tax,funnyvideos,1
fanum tax,karrahboo,1
fanum tax,concreteboys,1
fanum tax,kc3clipz1,1
fanum tax,splice,1
fanum tax,fanumwiththecannon,1
fanum tax,domincano,1
fanum tax,dominican,1
fanum tax,twitchclips,1
fanum tax,2024,1
fanum tax,skibidi,1
fanum tax,mukbang,1
fanum tax,kaiandray,1
fanum tax,ray,1
fanum tax,meme,1
fanum tax,edit,1
fanum tax,usa,1
fanum tax,agent00edits,1
fanum tax,agent00clips,1
fanum tax,ampwrld,1
fanum tax,kaicenattv,1
fanum tax,kaicenatfunnymoments,1
fanum tax,kaicenatedit,1
fanum tax,kaicenatlive,1
fanum tax,kaicenattwitch,1
fanum tax,pourtoi,1
fanum tax,iamdavisss,1
fanum tax,dukedennisclips,1
freakbob,freakybob,6
freakbob,freakbob,54
freakbob,meme,18
freakbob,funny,20
freakbob,sad,6
freakbob,edit,9
freakbob,capcut,3
freakbob,zoomedit,3
freakbob,blowthisup,3
freakbob,spongebob,23
freakbob,roblox,3
freakbob,avatars,3
freakbob,freaksquad,3
freakbob,sigma,3
freakbob,alpha,3
freakbob,robloxtiktok,3
freakbob,relatable,3
freakbob,xybca,3
freakbob,trending,3
freakbob,troll,3
freakbob,trolling,3
freakbob,pizzaria,3
freakbob,public,10
freakbob,ihavenothing,3
freakbob,top5,3
freakbob,list,3
freakbob,xyzbca,3
freakbob,jokes,3
freakbob,inspirational,3
freakbob,nichetok,3
freakbob,theovon,3
freakbob,meltedchocolatee,3
freakbob,animation,3
freakbob,freakbobiscalling,3
freakbob,patrick,3
freakbob,crossdollie,3
freakbob,spongebobsquarepants,7
freakbob,spongebobedit,3
freakbob,jugg,3
freakbob,vs,3
freakbob,lol,3
freakbob,acting,5
freakbob,skit,3
freakbob,real,6
freakbob,prank,2
freakbob,freakway,6
freakbob,freaky,4
freakbob,emobob,2
freakbob,emo,2
freakbob,aesthetic,2
freakbob,ringing,2
freakbob,phone,2
freakbob,trend,2
freakbob,thiswillnotblowup,2
freakbob,fandom,2
freakbob,cosplaytiktok,2
freakbob,cosplay,2
freakbob,freakpay,2
freakbob,house,2
freakbob,mansion,2
freakbob,newhouse,2
freakbob,is,2
freakbob,squidwardtentacles,2
freakbob,ok,2
freakbob,random,2
freakbob,cartoon,2
freakbob,tongue,2
freakbob,action,2
freakbob,chillout,2
goated,hiphop,3
goated,dance,5
goated,goated,43
goated,ÌûôÌï©ÎåÑÏä§,3
goated,nctdream,3
goated,nctdreaminus,3
goated,mark,3
goated,renjun,3
goated,jaemin,3
goated,jisung,3
goated,goateddance,8
goated,goatedchallenge,10
goated,thedreamshow2_in_us,3
goated,nctdream_thedreamshow2_in_us,3
goated,atlanta,3
goated,armaniwhite,7
goated,streetwear,3
goated,dancewear,3
goated,outfitsinspo,3
goated,ateez,3
goated,ÏóêÏù¥Ìã∞Ï¶à,3
goated,ÏÑ±Ìôî,3
goated,seonghwa,3
goated,Ïú§Ìò∏,3
goated,yunho,3
goated,ÏÇ∞,3
goated,san,3
goated,targetaudience,3
goated,digitalart,3
goated,animation,3
goated,jesuschrist,3
goated,goat,8
goated,greatestofalltime,3
goated,artoftheday,3
goated,religiousart,3
goated,spiritualart,3
goated,musicart,3
goated,divinedance,3
goated,holygroove,3
goated,praiseanddance,3
goated,blessedmoves,3
goated,faithandart,3
goated,tiktokdancechallenge,3
goated,fortewolfe,3
goated,dancestudio,3
goated,fortnite,8
goated,fortnitecombos,3
goated,blickykt,3
goated,goatedemote,3
goated,newfortniteemote,3
goated,ogfortnite,2
goated,fortniteog,2
goated,oldfortnite,2
goated,onething,2
goated,1thing,2
goated,fortniteedit,2
goated,ogfortniteedit,2
goated,edit,4
goated,jistro4edit,2
goated,meme,2
goated,wait,3
goated,im,3
goated,funny,3
goated,fyy,2
goated,slideshow,2
goated,fyyyyyyyyyyyyyyyy,2
goated,skibiditoilet,2
goated,cr7,2
goated,messi,2
goated,anthonysantos,2
goated,elgasing,2
goated,footballedit,2
goated,capcut,3
goated,imdontai,2
goated,berleezy,2
goated,somebros,2
goated,gameshow,2
goated,twitch,2
goated,reverse,2
goated,math,2
goated,mathtok,2
goated,real,2
goated,theboyz,2
goated,ÎçîÎ≥¥Ïù¥Ï¶à,2
goated,hyunjae,2
goated,sunwoo,2
goated,eric,2
goated,challenge,2
goated,dancechallenge,3
goated,trending,2
goated,trend,2
goated,litchimcn,2
goated,Ï∂îÏ≤úÎñ†Îùº,2
goated,Ï∂îÏ≤ú,2
goated,Ï∂îÏ≤úÍ∞ÑÌåê,2
goated,ÎåÑÏä§,2
goated,ÎåÑÏä§Ï±åÎ¶∞ÏßÄ,2
goated,fortnitecreative,2
goated,goodgamers,2
goated,gogoated,2
goated,naruto,2
goated,narutoshippuden,2
goated,narutouzumaki,2
goated,epicpartner,2
goated,fortniteclips,2
goated,darthwargod,2
goated,animeedits,2
goated,animeedit,2
goated,goku,2
goated,dragonball,2
goated,dragonballz,2
goated,dragonballsuper,2
goated,myheroacademia,2
goated,attackontitan,2
goated,vegeta,2
goated,bro,2
goated,ilovebro,2
goated,inspiring,3
goated,gyat,1
goated,emote,1
goated,transformersvoices,1
goated,tierlist,1
goated,8d,1
goated,üéß,1
goated,spotifysongs_lyrics,1
goated,billieeilish,1
goated,goatchallenge,1
goated,goateddancechallenge,1
goated,tiktokdance,1
goated,it,1
goated,pennywise,1
goated,aura,1
goated,xybca,1
goated,xyzbca,1
goated,waitimgoated,1
goofy ahh,funnytiktok,23
goofy ahh,memes,15
goofy ahh,trendsong,3
goofy ahh,donpollo,21
goofy ahh,skull,12
goofy ahh,algoritmotiktok,16
goofy ahh,fyyyyyyyyyyyyyyyyyyy,3
goofy ahh,hide,3
goofy ahh,holiday,18
goofy ahh,fy,41
goofy ahh,funnyvideos,20
goofy ahh,animals,28
goofy ahh,goofyahhvideo,32
goofy ahh,dogs,13
goofy ahh,algorithm,34
goofy ahh,goofyahh,43
goofy ahh,funny,23
goofy ahh,ksi,3
goofy ahh,goofy,23
goofy ahh,memestiktok,20
goofy ahh,meme,26
goofy ahh,dogsoftiktok,31
goofy ahh,cute,31
goofy ahh,doglovers,5
goofy ahh,goofyah,9
goofy ahh,cutedogs,10
goofy ahh,dog,22
goofy ahh,bluds,21
goofy ahh,trend,18
goofy ahh,laugh,8
goofy ahh,goofyahhuncleproductions,19
goofy ahh,goofysound,16
goofy ahh,blud,35
goofy ahh,funnyvideo,25
goofy ahh,laughing,5
goofy ahh,tiktok,3
goofy ahh,blacklifesmatter,3
goofy ahh,fyyyy,3
goofy ahh,freakyahhpumpkin,3
goofy ahh,dumbahhpumpkin,3
goofy ahh,halloween,3
goofy ahh,sirdingletonpoopysmith,3
goofy ahh,quandale,3
goofy ahh,doglove,7
goofy ahh,goofygoober,8
goofy ahh,shitposting,3
goofy ahh,üíØüíØüíØ,3
goofy ahh,üî•üî•üî•,3
goofy ahh,ohio,3
goofy ahh,zamtagg,3
goofy ahh,trendingvideo,3
goofy ahh,bills,14
goofy ahh,corgisoftiktok,5
goofy ahh,corgis,3
goofy ahh,goofytv,10
goofy ahh,zesty,4
goofy ahh,fyyyyyyyyyyyyyyyy,6
goofy ahh,yourpage,2
goofy ahh,yourmonthyourthing,2
goofy ahh,yourmonth,2
goofy ahh,yourmonthyourpet,2
goofy ahh,yourmonthyourblud,2
goofy ahh,bludify,4
goofy ahh,funnymoments,4
goofy ahh,sprite,2
goofy ahh,billcollectormeme,4
goofy ahh,donpollo2982,2
goofy ahh,fyy,2
goofy ahh,doglover,2
goofy ahh,bepizman,2
goofy ahh,zestytrends,2
goofy ahh,billcollector,2
goofy ahh,ads,2
goofy ahh,whatareyoudoingstepbro,2
goofy ahh,pepper,2
goofy ahh,brainrot,4
goofy ahh,screaming,2
goofy ahh,spooky,2
goofy ahh,halloween2021,2
goofy ahh,trending,2
goofy ahh,dogsofttiktok,2
goofy ahh,catsoftiktok,2
goofy ahh,cats,2
goofy ahh,catlover,2
goofy ahh,animal,2
goofy ahh,positive,2
goofy ahh,haha,2
goofy ahh,sound,2
goofy ahh,sweet,2
gyatt,gyatttttttt,6
gyatt,likedvideos,3
gyatt,gyat,21
gyatt,nikepro,3
gyatt,twerk,4
gyatt,asmr,3
gyatt,girlfriend,3
gyatt,girl,4
gyatt,pretty,3
gyatt,girls,5
gyatt,dance,4
gyatt,dancing,3
gyatt,teens,3
gyatt,nikepros,3
gyatt,nikeprogyatt,3
gyatt,gyatt,21
gyatt,teengirl,3
gyatt,girldance,3
gyatt,latinanikepro,3
gyatt,dancegirl,3
gyatt,latina,10
gyatt,sama28,3
gyatt,tennis,3
gyatt,snowbunny,3
gyatt,funny,3
gyatt,reilly,3
gyatt,üçë,3
gyatt,curls,3
gyatt,leggins,3
gyatt,forbiddenpants,4
gyatt,fakebody,3
gyatt,hotgirl,2
gyatt,xyzbca,2
gyatt,üå∂,2
gyatt,sexy,3
gyatt,fakebodyy‚ö†Ô∏è,4
gyatt,wow,2
gyatt,hotgirls,2
gyatt,jeans,2
gyatt,gyatinjeans,2
gyatt,bop,3
gyatt,boptok,2
gyatt,rizz,2
gyatt,latina#forbiddenpants,2
gyatt,horchatacannons,2
gyatt,fitcheck,2
gyatt,trending,3
gyatt,whatsonyourmind,2
gyatt,level999gyatt,2
gyatt,aas,2
gyatt,gymtok,3
gyatt,fitness,2
gyatt,blowthisup,2
gyatt,leggings,3
gyatt,gymgirl,2
gyatt,angelreese,1
gyatt,lsu,1
gyatt,zendaya,1
gyatt,challengersmovie,1
gyatt,hilarious,1
gyatt,funnyvideos,1
gyatt,halloween,1
gyatt,halloween2023,1
gyatt,halloweencostume,1
gyatt,halloweekend,1
gyatt,newchallenge,1
gyatt,deli,1
gyatt,share,1
gyatt,imcrying,1
gyatt,blowthisupforme,1
gyatt,recoil,2
gyatt,fortheboys,1
gyatt,squat,1
gyatt,ftb,1
gyatt,cake,1
gyatt,bunda,1
gyatt,cheeks,1
gyatt,jiggle,1
gyatt,legday,1
gyatt,stitch,1
gyatt,duet,1
gyatt,yogapants,2
gyatt,twerkinüòä,1
gyatt,sudsy,1
gyatt,twerktwerktwerküòçüòç,1
gyatt,lovestory,1
gyatt,üá∫üá∏,1
gyatt,fat,1
gyatt,glutesworkout,1
gyatt,collegegirl,1
gyatt,musclemommy,1
gyatt,baddie,2
gyatt,volleyball,1
gyatt,blonde,1
gyatt,miami,1
gyatt,sienna.crss,1
gyatt,baddies,1
gyatt,baddiesonly,1
gyatt,egirl,1
gyatt,egirls,1
gyatt,tiktokgirlsdance,1
gyatt,hottie,1
gyatt,bikinimodel,1
gyatt,algorithm,1
gyatt,thick,1
gyatt,thickfit,1
gyatt,brunettegirl,1
gyatt,fine,1
gyatt,hot,1
gyatt,tiktokbaddies,1
gyatt,shakeit,1
john pork,capcut,8
john pork,jhonpork#pig,3
john pork,xyzbca,14
john pork,a,3
john pork,axeratiochallenge,3
john pork,pork,5
john pork,bacon_egg_and_cheese,3
john pork,pet,3
john pork,johnpork,49
john pork,johnporkiscalling,10
john pork,ripjohnpork,3
john pork,meme,5
john pork,costume,3
john pork,halloween,8
john pork,costcoguys,3
john pork,real,3
john pork,call,3
john pork,creepy,3
john pork,pourtoi,3
john pork,johnporkmeme,3
john pork,halloweencostume,3
john pork,halloweenlook,3
john pork,johnporkcostume,3
john pork,funnycostume,3
john pork,troll,3
john pork,trolling,3
john pork,troller,3
john pork,gasstation,3
john pork,funny,7
john pork,public,3
john pork,711,3
john pork,trollz,3
john pork,trending,2
john pork,top5,2
john pork,list,2
john pork,pickupthephonebaby,2
john pork,horror,2
john pork,happybirthdaytome,2
john pork,dontanswer,2
john pork,dontsearch,2
john pork,pumpkin,2
john pork,brainrot,2
john pork,hawktuah,2
john pork,fein,2
john pork,rizzler,2
john pork,ohio,2
john pork,iconic,2
john pork,whoscalling,2
john pork,reincarnation,2
john pork,john,2
john pork,johnporkfanart,2
john pork,porkjohn,2
john pork,bennytherealest,2
jonkler,jonkler,51
jonkler,joker,24
jonkler,cart,3
jonkler,beatbox,8
jonkler,whysoserious,18
jonkler,sigma,3
jonkler,fein,3
jonkler,awesome,3
jonkler,brainrot,12
jonkler,jonklercart,3
jonkler,onequestion,3
jonkler,eviljonkler,3
jonkler,hopecore,3
jonkler,dropshipping,3
jonkler,lunchly,2
jonkler,talktuah,2
jonkler,rizz,2
jonkler,skibidi,2
jonkler,mrbeastchallenge,2
jonkler,birdwithballs,2
jonkler,skibiditoilet,2
jonkler,wwe,2
jonkler,wwe2k24,2
jonkler,trend,3
jonkler,meme,8
jonkler,idk,2
jonkler,lol,2
jonkler,jokerbeatbox,4
jonkler,capcut,2
jonkler,fy,2
jonkler,editor,2
jonkler,edit,4
jonkler,jonky,2
jonkler,chikenlegpiece,2
jonkler,blowthisup,3
jonkler,f,2
jonkler,spencer,2
jonkler,sus,2
jonkler,ps4,2
jonkler,ps5,2
jonkler,drawing,1
jonkler,artist,1
jonkler,blowup,1
jonkler,jokerface,1
jonkler,freakyjoker,1
jonkler,thejonkler,1
jonkler,pokigames,1
jonkler,2021,1
jonkler,whysoseriousüßê,1
jonkler,Áî∞ÂéüÁ∑è‰∏ÄÊúó,1
jonkler,juventus,1
jonkler,usaüá∫üá∏,1
jonkler,trending,1
jonkler,coemsü§ë,1
jonkler,roblox,1
jonkler,johnkler,1
jonkler,soccer,1
jonkler,scottiesinabox,1
jonkler,british,1
jonkler,georgecooper,1
jonkler,youngsheldon,1
mew,mewing,35
mew,pokemon,3
mew,mew,38
mew,mewsuppasit,3
mew,‡∏°‡∏¥‡∏ß‡∏®‡∏∏‡∏†‡∏®‡∏¥‡∏©‡∏è‡πå,3
mew,mewtul,3
mew,valorant,6
mew,valorantmemes,6
mew,valorantclips,6
mew,gaming,9
mew,mewingtransformation,6
mew,mewingresults,3
mew,funny,7
mew,comedyvideo,3
mew,silly,3
mew,vtuber,3
mew,vtuberclips,3
mew,vtubers,3
mew,animation,3
mew,animationmeme,3
mew,meme,10
mew,memes,3
mew,transformation,3
mew,tutorial,3
mew,howto,3
mew,combopanda,3
mew,ryansworld,3
mew,combocrew,3
mew,funnyvideo,3
mew,funnyvideos,3
mew,lol,3
mew,mewingtutorial,9
mew,glowup,6
mew,boys,3
mew,tiktok,3
mew,greenscreensticker,3
mew,haskell_1x,3
mew,haskellramirez,3
mew,trending,6
mew,mewwing,3
mew,jawline,4
mew,snowman,3
mew,shitposting,3
mew,chico,6
mew,chicolachowski,4
mew,franciscolachowski,4
mew,jordanbarrett,3
mew,mog,8
mew,xyzbcab,3
mew,meowmeow,3
mew,cat,4
mew,kids,3
mew,jaw,2
mew,shush,2
mew,fortnite,3
mew,fortnitememes,3
mew,reloaded,2
mew,ogfortnite,2
mew,newjeans,2
mew,joke,2
mew,kpop,2
mew,snapchat,2
mew,filter,2
mew,franconi,2
mew,blowthisup,2
mew,mogger,4
mew,trend,3
mew,zxycba,2
mew,‡∏≠‡∏¢‡πà‡∏≤‡∏õ‡∏¥‡∏î‡∏Å‡∏≤‡∏£‡∏°‡∏≠‡∏á‡πÄ‡∏´‡πá‡∏ô‡∏´‡∏ô‡∏π,2
mew,gigachad,2
mew,jawlinecheck,2
mew,‡πÄ‡∏ó‡πà,2
mew,edit,6
mew,mewingedit,2
mew,spongebob,2
mew,squidward,2
mew,looksmax,2
mew,handsomesquidward,2
mew,trump,2
mew,byebye,3
mew,forgottenchild,2
mew,psl,2
mew,looksmaxxin,2
mew,blackpil,2
mew,psledit,2
mew,looksmaxxingedit,2
mew,blackpilledit,2
mew,cats,2
mew,catsoftiktok,2
mew,meow,2
mew,sillycats,2
mew,kittens,2
mew,sillykittens,2
mew,cute,2
mew,relatable,2
mew,streaksaver,2
mew,pesca,2
mew,pescaep,2
mew,miguelangeles,2
mew,aftereffects,2
mew,brainrot,2
mew,fitness,1
mew,fat,1
mew,big,1
mew,maxxing,1
mew,art,1
mew,artbybamuel,1
mew,monstersinc,1
mew,looksmaxx,1
mew,boo,1
mew,2023,1
mew,winter2023,1
mew,chicoedit,1
mew,chicolachowskiedit,1
mew,jistro4edit,1
mew,mews,1
mew,foru,1
mew,vampireempire,1
mew,sad,1
mew,death,1
mew,strangerthings,1
mew,demondog,1
mew,notcool,1
mew,trolls,1
mew,trollsdinkles,1
mew,mrdinkles,1
mew,trollsbandtogether,1
mew,trollsworldtour,1
mew,trollsedit,2
mew,compilation,1
mew,trolls3,1
mew,capcut,1
mew,twitch,1
mew,streamer,1
mew,dbz,1
mew,frieza,1
mew,fusion,1
mew,mew#memestiktok,1
mew,meme#skeleton,1
mew,genalpha,1
mew,mrbigballz#jawline#meme,1
mew,memecut,1
mew,endoftheyear,1
mew,endoftheschoolyear,1
mew,schooltiktoks,1
mew,mewcompilation,1
mew,mewingwithfriends,1
mewing,stitch,3
mewing,dentist,3
mewing,mewing,58
mewing,jawline,12
mewing,smilemakeover,3
mewing,teethwhitening,3
mewing,genalpha,3
mewing,slang,3
mewing,genz,3
mewing,middleschoolslang,3
mewing,teach,3
mewing,teachersoftiktok,3
mewing,highschoolteacher,3
mewing,middleschoolteacher,3
mewing,byebye,6
mewing,petergriffin,3
mewing,ü§´üßè,3
mewing,greenscreensticker,3
mewing,haskell_1x,3
mewing,haskellramirez,3
mewing,trending,9
mewing,mew,9
mewing,mewwing,3
mewing,chico,3
mewing,chicolachowski,3
mewing,franciscolachowski,3
mewing,mog,3
mewing,2023,3
mewing,winter2023,3
mewing,chicoedit,3
mewing,chicolachowskiedit,3
mewing,edit,5
mewing,jistro4edit,3
mewing,duet,5
mewing,mewingtutorial,15
mewing,willthiswork,3
mewing,necklift,3
mewing,mewingtransformation,3
mewing,men,3
mewing,fortheboys,3
mewing,glowup,7
mewing,scienceofbeauty,2
mewing,allyoucanface,2
mewing,faceyoga,4
mewing,beautytok,2
mewing,factorcap,2
mewing,snowman,2
mewing,meme,2
mewing,shitposting,2
mewing,üíÄ,2
mewing,troll,2
mewing,face,2
mewing,video,2
mewing,ronaldo,2
mewing,editss,2
mewing,based,4
mewing,syrianpsycho,4
mewing,beforeandafter,2
mewing,transformation,2
mewing,boys,2
mewing,tiktok,2
mewing,selfimprovement,2
mewing,jaw,2
mewing,shush,2
mewing,lentejas,2
mewing,glowuptips,2
mewing,elegantboy‚ú®ü¶Ö,2
mewing,mogged,1
mewing,kokohayashi,2
mewing,kokofaceyoga,2
mewing,faceposture,2
mewing,plasticsurgeon,1
mewing,plasticsurgery,1
mewing,art,1
mewing,artbybamuel,1
mewing,monstersinc,1
mewing,looksmaxx,1
mewing,boo,1
mewing,lookmaxing,1
mog,chico,4
mog,chicolachowski,15
mog,franciscolachowski,5
mog,mewing,15
mog,byebye,4
mog,mog,57
mog,2023,3
mog,winter2023,3
mog,chicoedit,3
mog,chicolachowskiedit,5
mog,edit,14
mog,jistro4edit,3
mog,tiktokslang,3
mog,mogged,26
mog,chronicallyonline,3
mog,mogged4k,3
mog,moggedthem,3
mog,ninadobrev,3
mog,elenagilbert,3
mog,tvd,3
mog,thevampirediaries,3
mog,ugly,3
mog,fy,6
mog,looksmax,16
mog,jawad,3
mog,mogger,13
mog,zeta,3
mog,jordanbarrett,15
mog,capcut,8
mog,pourtoi,3
mog,gym,3
mog,jordanbarret,3
mog,lookmaxing,3
mog,fitnesslife,3
mog,serve,3
mog,mogwarts,6
mog,relatable,6
mog,mogwartsedits,3
mog,kshami,3
mog,looksmaxing,10
mog,sigma,6
mog,#hogwarts,3
mog,group,3
mog,real,3
mog,itsover,3
mog,goofyahh,2
mog,kshami#mogged#model#syrianpsycho//my,2
mog,jordenbarrett,2
mog,loksmaxxing,2
mog,fyy,2
mog,jeremy,2
mog,fragrance,2
mog,jeremyfragrance,2
mog,perfume,2
mog,goat,2
mog,w,2
mog,shado,2
mog,shadoeditz,2
mog,xy,2
mog,xyzbca,2
mog,eyes,2
mog,jawline,3
mog,trendingsong,2
mog,mogging,2
mog,siblings,2
mog,sisters,2
mog,schoolofmogwarts,2
mog,highschool,2
mog,model,6
mog,looks,2
mog,darktriad,3
mog,over,1
mog,huntereyes,2
mog,pslgod,1
mog,selfimprovement,1
mog,mewingschool,1
mog,blowthisup,1
mog,seanopry,1
mog,reach,1
mog,meme,1
mog,trending,2
mog,flyp„Ç∑,1
mog,fly,1
mog,glowup,1
mog,malemodel,1
mog,supermodel,1
mog,fashion,1
mog,attractive,1
mog,emoji,1
mog,videostar,1
mog,trend,1
mog,youthshakes,1
mog,focus,1
mog,vsp,1
mog,motionblur,1
mog,gymtok,1
rizz,confidence,6
rizz,rizz,52
rizz,rizzler,11
rizz,cutegirl,6
rizz,comedyvideo,6
rizz,song,3
rizz,dance,6
rizz,fun,6
rizz,family,3
rizz,bigjustice,3
rizz,boom,6
rizz,newyork,3
rizz,catsoftiktok,3
rizz,catrizz,3
rizz,cat,3
rizz,rizzface,6
rizz,dancer,3
rizz,dancechallenge,3
rizz,trend,6
rizz,school,3
rizz,schoollife,3
rizz,english,3
rizz,class,3
rizz,therizzler,3
rizz,familyfun,3
rizz,makemefamous,5
rizz,blowthisup,5
rizz,emanrizz,5
rizz,trending,3
rizz,twitchstreamer,3
rizz,twitch,3
rizz,rizzup,3
rizz,rizzgodüíØ,3
rizz,unspokenrizzüòÇüî•,3
rizz,unspokenrizz,3
rizz,rizzhighlights,3
rizz,rizzgame,3
rizz,huns,3
rizz,girls,3
rizz,31,2
rizz,today,2
rizz,explore,2
rizz,girl,2
rizz,female,2
rizz,toxic,2
rizz,troll,2
rizz,mall,2
rizz,shopping,2
rizz,friends,2
rizz,latina,2
rizz,tiktok,2
rizz,reels,2
rizz,ratingyourrizz,2
rizz,couples,2
rizz,coupleshumor,2
rizz,roblox,2
rizz,edit,2
rizz,bartsimpson,2
rizz,thesimpsons,2
rizz,bartsimpsonedit,2
rizz,thesimpsonsedit,2
rizz,unexpected,2
rizz,movie,2
rizz,series,2
rizz,wow,2
rizz,creepy,2
rizz,scary,2
rizz,üíÄ,2
rizz,üò≠,2
rizz,dejayboss,2
rizz,funny,2
rizz,public,2
rizz,fruitrizz,2
rizz,dog,2
rizz,rizzdog,2
rizz,whitetee,2
sigma,sigma,61
sigma,genalpha,3
sigma,slang,5
sigma,middleschoolslang,3
sigma,teachersoftiktok,3
sigma,whatthesigma,3
sigma,trending,3
sigma,respect,8
sigma,sigmamale,17
sigma,tiktok,8
sigma,unfrezzmyaccount,3
sigma,zyxbca,3
sigma,beast,5
sigma,mrbeast,5
sigma,argendy,5
sigma,face,5
sigma,sigmaface,5
sigma,sigmarule,5
sigma,sigmaedit,5
sigma,sigmamindset,3
sigma,capcut,7
sigma,megamind,3
sigma,megamindedit,3
sigma,edits,3
sigma,brainrot,3
sigma,masculinity,3
sigma,edit,6
sigma,makingemojis,2
sigma,effect,3
sigma,lonewolf,2
sigma,inspiration,2
sigma,motivation,2
sigma,daily,2
sigma,strong,2
sigma,coldmoments,3
sigma,sigmagirl,4
sigma,genz,2
sigma,maktok,2
sigma,sigma@romen,2
sigma,ÌååÌä∏ÎÑàÌÅ¨Î¶¨ÏóêÏù¥ÌÑ∞,2
sigma,Ìã±ÌÜ°ÏàúÏÇ≠,2
sigma,bungoustraydogs,2
sigma,bsd,2
sigma,foryoupage,2
sigma,fyp,2
sigma,funny,2
sigma,car,2
sigma,prank,2
sigma,girl,2
sigma,brazil,2
sigma,respectmoment,2
sigma,sigmamoment,2
sigma,nevergoon,1
sigma,unfreezemyacount,1
sigma,editing,1
sigma,goat,1
sigma,ü§´,1
sigma,aura,1
sigma,george,1
sigma,youngsheldon,1
sigma,satire,1
sigma,meme,1
sigma,skibiditoilet,1
sigma,relatable,1
sigma,cold,2
sigma,alpha,1
sigma,zestylia,1
sigma,coldestmoments,1
sigma,ignore,1
sigma,cristianoronaldo,1
sigma,cr7,1
sigma,footballedit,1
sigma,thomasshelby,1
sigma,sigmaman,1
sigma,gym,1
sigma,est√©tica,1
sigma,women,1
sigma,trend,1
sigma,bodybuilder,1
sigma,academia,1
skibidi,skibidi,42
skibidi,skibiditoilet,32
skibidi,skibiditoiletseason1,3
skibidi,dafuqboom,9
skibidi,3d,3
skibidi,sfm,3
skibidi,gmod,3
skibidi,roblox,3
skibidi,brainrot,14
skibidi,edits,3
skibidi,youngsheldonedit,3
skibidi,dopdop,5
skibidi,yesyes,3
skibidi,skibiridopdop,5
skibidi,yasincengiz,7
skibidi,dansshow,10
skibidi,skibidichallenge,9
skibidi,rip,5
skibidi,yasindance,6
skibidi,t√ºrkiyemmmmm,5
skibidi,dans,8
skibidi,dubaiblogger,5
skibidi,dubaitiktoker,5
skibidi,arabicfood,5
skibidi,almanyadakiturkler,5
skibidi,skibbidi,3
skibidi,genalpha,7
skibidi,slang,3
skibidi,middleschoolslang,3
skibidi,teach,3
skibidi,teachersoftiktok,3
skibidi,dance,4
skibidi,rizz,6
skibidi,rizzler,6
skibidi,romar,3
skibidi,skibiditoilet77,3
skibidi,gtoilet,3
skibidi,astrojuggernaut,3
skibidi,astrotoilets,3
skibidi,titantvman#sfm,3
skibidi,jinglebellrock,3
skibidi,christmas,3
skibidi,christmascountdown,3
skibidi,rizzmas,3
skibidi,hawktuah,3
skibidi,drippy,3
skibidi,piano,3
skibidi,skibiditoiletpiano,3
skibidi,gigachad,3
skibidi,mewing,3
skibidi,riz,3
skibidi,joey,3
skibidi,lookmax,3
skibidi,sigma,7
skibidi,alpha,3
skibidi,asmr,3
skibidi,unboxing,3
skibidi,toilet,6
skibidi,tiktokslang,2
skibidi,byg√∂bekshow,4
skibidi,g√∂bekshow,5
skibidi,bulgaria,2
skibidi,yesyesyesyesyes,2
skibidi,ramadan,2
skibidi,kuwaitüá∞üáº,2
skibidi,t√ºrkiyemüáπüá∑üáπüá∑üáπüá∑üáπüá∑t√ºrkiyeüê∫üáπüá∑üáπüá∑,2
skibidi,yesyesyes,2
skibidi,yasin,5
skibidi,hollandadakit√ºrkler,2
skibidi,moskov,2
skibidi,moskow,2
skibidi,moskova,2
skibidi,ohio,6
skibidi,gyatt,2
skibidi,target,2
skibidi,skibiditoiletset,2
skibidi,standupcomedy,2
skibidi,lol,2
skibidi,standupcomedian,2
skibidi,skibidopdopdop,3
skibidi,skibididance,4
skibidi,skibitoilet,3
skibidi,almanyadakit√ºrkler,3
skibidi,t√ºrkiyem,2
skibidi,donerkebab,2
skibidi,turkishkebab,3
skibidi,bestrestaurants,2
skibidi,bestfood,3
skibidi,istanbulrestaurant,2
skibidi,eniyirestoran,2
skibidi,aƒüababad√∂ner,2
skibidi,hamburger,2
skibidi,burger,2
skibidi,meatball,2
skibidi,g√∂beksallayanadam,2
skibidi,gyat,2
skibidi,rizzlers,2
skibidi,funny,3
skibidi,mango,2
skibidi,cameraman,2
skibidi,tvwoman,2
skibidi,tvman,2
skibidi,titantvman,2
skibidi,tintancameraman,2
skibidi,titanspeakerman,2
skibidi,gmantoilet,2
skibidi,gmanboss,2
skibidi,skibidy,2
skibidi,rizzlord,2
skibidi,sus,2
skibidi,sussybaka,2
skibidi,katcurse,2
skibidi,pov,2
skibidi,capcut,1
skibidi,creepypasta,1
skibidi,storytelling,1
skibidi,byg√∂bekdance,2
skibidi,yasinshow,1
skibidi,rƒ±p,1
skibidi,turkiyem,1
skibidi,skibid,1
skibidi,holloween,1
skibidi,costume,1
skibidi,skibidibbydibyodadubdubyodadubdubskibidibbydibyodadubdubyodadubdub,1
skibidi,memes,1
skibidi,aiart,1
skibidi,aiartcommunity,1
skibidi,aiartwork,1
skibidi,cartoon,1
skibidi,animation,1
skibidi,skibiditoiletvscctv,1
skibidi,speakerman,1
skibidi,game,1
skibidi,relatable,2
skibidi,skibidiedit,1
skibidi,edit,1
skibidi,car,1
skibidi,caredit,1
skibidi,dodge,1
skibidi,song,1
skibidi,joke,1
skibidi,genz,1
skibidi,kids,1
skibidi,ipadkids,1
skibidi,skibididopdopdopyesyesyesyesnononono,2
skibidi,halloween,1
skibidi,otamatone,1
skibidi,otamatones,1
skibidi,therealsullyg,1
tiktok rizz party,trizzparty,3
tiktok rizz party,rizz,10
tiktok rizz party,tiktok,8
tiktok rizz party,tiktokrizzparty,43
tiktok rizz party,quandaledingle,3
tiktok rizz party,edit,5
tiktok rizz party,brainrot,7
tiktok rizz party,bluetie#carnival#tiktokrizzparty,3
tiktok rizz party,reddressgirl,6
tiktok rizz party,deerparkhighschool,3
tiktok rizz party,nycdj,6
tiktok rizz party,lancebaker#tiktokrizzparty,3
tiktok rizz party,capcut,3
tiktok rizz party,dj,7
tiktok rizz party,djdavegordon,4
tiktok rizz party,djsoftiktok,4
tiktok rizz party,accenteventgroup,4
tiktok rizz party,highschool,3
tiktok rizz party,noahglenncarter,3
tiktok rizz party,ejay,3
tiktok rizz party,vexbolts,3
tiktok rizz party,galvanizedsteel,3
tiktok rizz party,fein,3
tiktok rizz party,travisscott,3
tiktok rizz party,money,3
tiktok rizz party,njdj,3
tiktok rizz party,sweet16,4
tiktok rizz party,mitzvah,3
tiktok rizz party,quince,3
tiktok rizz party,weddings,3
tiktok rizz party,thewalkingdead,2
tiktok rizz party,turkishquandaledingle,3
tiktok rizz party,carnival,3
tiktok rizz party,outcast,2
tiktok rizz party,bluetiekid,3
tiktok rizz party,theoneswholive,2
tiktok rizz party,lemmeaskusum,2
tiktok rizz party,rickgrimes,2
tiktok rizz party,schizo,2
tiktok rizz party,shitposting,2
tiktok rizz party,xyzbca,3
tiktok rizz party,trending,4
tiktok rizz party,peezyante,2
tiktok rizz party,storytime,2
tiktok rizz party,seniorrizzparty,2
tiktok rizz party,forypupage,2
tiktok rizz party,tiktokrizzparty:,2
tiktok rizz party,carnivalboys,2
tiktok rizz party,rizzparty,3
tiktok rizz party,ykjustin,2
tiktok rizz party,reaction,2
tiktok rizz party,meme,4
tiktok rizz party,funny,4
tiktok rizz party,lilkim,2
tiktok rizz party,femalerap,2
tiktok rizz party,nicki,2
tiktok rizz party,pinkfriday2tour,2
tiktok rizz party,beyhive,2
tiktok rizz party,party,4
tiktok rizz party,dance,3
tiktok rizz party,ai,1
tiktok rizz party,aivines,1
tiktok rizz party,vines,1
tiktok rizz party,vine,1
tiktok rizz party,trp,1
tiktok rizz party,copylink,1
tiktok rizz party,riftz2k,1
tiktok rizz party,djsoftiktoküéßüéß,1
tiktok rizz party,gohansolosanime,1
tiktok rizz party,tiktokrizzparty#party#quandaledingle#rizz#trending#turkishquandaledingle#dance,1
tiktok rizz party,birthday,1
tiktok rizz party,photobooth,1
tiktok rizz party,eventplanner,2
tiktok rizz party,sweetsixteen,1
tiktok rizz party,royalrizzparty,1
tiktok rizz party,music,1
tiktok rizz party,drake,1
tiktok rizz party,richbabydaddy,1
tiktok rizz party,xyzcba,1
tiktok rizz party,aftereffects,1
tiktok rizz party,aftereffectsedit,1
tiktok rizz party,ae,1
tiktok rizz party,aep,1
tiktok rizz party,greenscreen,1
